Notes brutes,Date RDV,Interlocuteur,Sujet,Statut,Modèle utilisé
"rdv marie dupont acme sarl 8 sept 15h visio
elle veut refonte site vitrine budget 5-8k urgence pas immédiate mais avant Noël
demande devis avant 20/09 forme pdf
site actuel wordpress lent images non compressées elle sait
question rgpd formulaire contact -> à vérifier avec son dpo
concurrent qu'elle a vu : agence trucbidule 12k trop cher
elle veut cta whatsapp sur home
budget peut monter si on inclut ref seo ok
prochain call 22/09 après réception devis
elle a insisté : pas de démarcheur téléphonique dans le workflow",2026-09-08 15:00,Marie Dupont (Acme SARL),Refonte site vitrine avant Noël,À formater,
"rdv karim bouziane btp+ 8 sept 10h30 tel
audit rgpd site institutionnel demandé pour début octobre
site fait en 2019 par ancien prestataire pas de dpo interne
formulaire de contact stocke email sans consentement explicite
cookies google analytics non conformes
il veut un livrable pdf + plan d'action priorisé
budget 2500 ht validé oralement à confirmer par email
lui envoyer proposition avant 12/09
attention son associé est frileux sur la dépense insiste bien sur les risques cnil",2026-09-08 10:30,Karim Bouziane (BTP+),Audit RGPD site institutionnel,À formater,
"chloé renaud studio zenith 5 sept 17h visio
refonte identité visuelle logo + charte + templates réseaux sociaux
budget 3-4k négociable
elle veut du minimaliste rassurant palette pastel
délai 6 semaines pour lancement campagne facebook mi-octobre
elle a vu 3 concurrents refuse de dire lesquels
demande 3 pistes créa avant validation
prochain rdv 12/09 pour présenter les 3 pistes
elle veut pouvoir modifier les templates elle-même dans canva",2026-09-05 17:00,Chloé Renaud (Studio Zenith),Refonte identité visuelle + charte,À formater,
"jean-philippe huber coaching en alsace 3 sept 14h café
accompagnement mise en place crm pour son cabinet 4 coachs
il utilise excel + google agenda pas de crm dédié
budget flou entre 500 et 2000 pour l'accompagnement il n'a pas d'idée du coût des outils
il veut piloter les prospects communs de l'équipe et les relances
data privacy importante ses clients sont sensibles
prochain rdv à caler après démo lia'm à lui montrer
il ouvre la porte à un pilote 3 mois si convaincu
sa contrainte : formation minimale pour ses 3 collègues, ils sont réfractaires à la tech",2026-09-03 14:00,Jean-Philippe Huber (Coaching en Alsace),Mise en place CRM pour cabinet 4 coachs,À formater,
